MAPE,MAPE_mean,improvement
0.048861699454874334,0.08733221484230418,1.787
