MAPE,MAPE_mean,improvement
0.04885980792312248,0.08732738787856684,1.787
